Xano ID,Xano Full Name,Xano Child,Xano Children IDs,Xano IsParent,Xano Location,Stripe Customer ID,Xano QuickBooks ID (Current),Xano Subscription ID,QBO Customer ID (AI),QBO Name (AI),AI Confidence,QBO Customer ID (FINAL),QBO Name (FINAL),Notes
244,1-800 Water Damage of Cincinnati & Dayton,False,,False,"Fredericksburg, VA",cus_Oo5tPHfgk7JD6j,1142,0,1142,1-800 Water Damage of Cincinnati & Dayton,EXISTING,,,
215,1-800 Water Damage of Gilbert,False,,False,Gilbert AZ,cus_OXzbY7jRCyp3vu,997,0,997,1-800 Water Damage of Gilbert,EXISTING,,,
322,1-800 Water Damage of Murrieta/Temecula,,,False,"Murrieta/Temecula, California",cus_PkwVIKGrRAbXA2,1216,0,1216,1-800 Water Damage of Murrieta/Temecula,EXISTING,,,
282,1-800 Water Damage of North Dakota,True,,False,"Ann Arbor,North Dakota ",cus_PT0l7cAYTfuw8G,304,0,304,1-800 Water Damage of North Dakota,EXISTING,,,
189,1-800 Water Damage of Southern Passaic County,False,,False,"Southern Passaic, NJ",cus_OBTjNqF4k5Mwkq,950,2,950,1-800 Water Damage of Southern Passaic County,EXISTING,,,
431,1-800 Water Damage of WA and OR,,,False,",",cus_RzBsKz9xcQOFI5,67,0,1507,1-800 Water Damage of WA and OR,100%,,,
268,1-800 Water Damage of West San Jose and Sunnyvale,False,,False,"Sunnyvale, CA",cus_P8ljHoUxoqpbv0,1192,0,1192,1-800 Water Damage of West San Jose and Sunnyvale,EXISTING,,,
1,2nd Best Restoration,False,,False,Paris,cus_QEEZyICGuaMUcO,,12,,,,,,
390,911 Restoration NWI,,,False,",",cus_QXykB3tbPYM8Ma,,0,1373,911 Restoration NWI,100%,,,
168,"911 Restoration of Ventura, Santa Barbara, & San Luis Obispo",False,,False,",",cus_Nx1Ar0iMa3zKWQ,883,0,883,"911 Restoration of Ventura, Santa Barbara, & San Luis Obispo",EXISTING,,,
338,A Plus Cleaning & Restoration Inc.,,,False,"Childersburg, Alabama",cus_Q1MMmniOWZroia,701,0,701,A Plus Cleaning & Restoration Inc.,EXISTING,,,
415,A-1 Rapid Response Restoration,,,False,",",cus_RDBNk4mROl5gIu,,0,1401,A-1 Rapid Response Restoration,100%,,,
293,A1 Quality,,,False,"Shepherdsville, Kentucky",cus_PURaTTR54CMQOh,1272,13,1272,A1 Quality,EXISTING,,,
124,AAAA Retail Test,False,,False,", ",cus_NRUtSmavPF7BV9,1229,0,1229,AAAA Retail Test,EXISTING,,,
72,AACTION Home Repairs & Restoration,False,,False,Maryland,cus_OaVM93LdjvDAbO,1075,0,1075,AACTION Home Repairs & Restoration,EXISTING,,,
122,ABC Contracting Pros,True,,False,"Tamp, Florida",cus_NRQTdpcQ4kaxq7,,0,,,,,,
174,APR Restoration and Commercial Development,False,,False,"Raleigh, NC",cus_O0fEEjf7WIitZH,920,14,920,APR Restoration and Commercial Development,EXISTING,,,
24,ARC Services,False,,False,"Las Vegas, Nevada",cus_MDPsaEYALwNKIY,1069,14,1069,ARC Services,EXISTING,,,
261,ARI Construction,False,,False,"Webster, Texas",cus_P0kV7WpAqW7oWJ,1164,3,1164,ARI Construction,EXISTING,,,
366,"ASA-MMP Construction Partners, LLC",,,False,"Lorton,VA",cus_QNRlfZe7gRZ78G,1342,0,1342,"ASA-MMP Construction Partners, LLC",EXISTING,,,
272,Absolute Design Solution,,,False,"Edgewater,MD",cus_PDeFSdcsNP93ki,1193,0,1193,Absolute Design Solution,EXISTING,,,
398,AbsolutelyDry,False,,False,Indiana,cus_QpyY4AN8xmbRjd,,0,1380,AbsolutelyDry,100%,,,
23,Accent Property Restoration,False,,False,Wisconsin,cus_MDPszXTi1AD5xF,193,0,193,Accent Property Restoration,EXISTING,,,
177,Advanced Disaster Recovery,False,,False,"New Hampton, NY",cus_O1o2s4YHsOKgIK,918,0,918,Advanced Disaster Recovery,EXISTING,,,
105,AirCare Environmental Services,False,,False,Connecticut,cus_NADV6IQuCC3seV,890,0,890,AirCare Environmental Services,EXISTING,,,
279,All Done Construction,,,False,",Austin, TX",cus_PMaFAuDWiJgP1W,1247,0,1247,All Done Construction,EXISTING,,,
86,All Restored Inc,False,,False,Delaware,cus_MePMmFOTgMOUot,557,2,557,All Restored Inc,EXISTING,,,
192,Allied Restoration,False,,False, West Covina CA,cus_OFZhFiKAvVg92b,955,0,955,Allied Restoration,EXISTING,,,
237,Alpha Environmental,False,,False,"Beaverton, OR",cus_OjD9zkYQszbSuG,1072,5,1072,Alpha Environmental,EXISTING,,,
358,Alvarez Restoration and Construction,,,False,"Central Point,OR",cus_QH57WARkBl8MXr,1334,0,1334,Alvarez Restoration and Construction,EXISTING,,,
254,AmeriTribe,False,,False,"Chesapeake, VA",cus_OvaS7v3FkHxrvm,1160,0,1160,AmeriTribe,EXISTING,,,
317,"Apex Builders, Inc",,,False,"Portland, OR",cus_PiORlJ45wdTM2n,1244,0,1244,"Apex Builders, Inc",EXISTING,,,
140,Aquafirst WA,False,,False,Florida,cus_NcFotGvGaefucT,1196,0,1196,Aquafirst WA,EXISTING,,,
225,Asap Restoration,False,,False,"Atlanta, GA",cus_OcrFz9xpCQjyoF,1023,0,1023,Asap Restoration,EXISTING,,,
357,Atlantic Restoration & Remodeling Group,True,,False,"New Britain,New Britain, CT",cus_QF9BV7EBGJMGJ5,1333,0,1333,Atlantic Restoration & Remodeling Group,EXISTING,,,
155,B&G Excavation and Plumbing,False,,False,"Damascus, Oregon",cus_NpjbsVKnPX6oBU,865,13,865,B&G Excavation and Plumbing,EXISTING,,,
187,BISON Restoration Services,False,,False,"Oklahoma City, OK",cus_O9bOrOvY99mnY1,1194,0,1194,BISON Restoration Services,EXISTING,,,
449,BMS CAT,False,,False,"Haltom City, Texas",cus_T7xx7gcT84Wliq,,14,,,,,,
380,BOR of Tulsa,True,,False,"Tulsa, OK",,,0,,,,,,
287,Beacon Restoration,,,False,"Winter Park,FL",cus_PTiJNl2jJ9D4RG,1268,0,1268,Beacon Restoration,EXISTING,,,
408,Best Option Restoration of Montgomery County ,,,False,"Ambler, PA",cus_QzML9ElwwBTkkH,,12,1392,Best Option Restoration of Montgomery County,100%,,,
12,Big Red Restoration,False,,False,Kentucky,,1195,0,1195,Big Red Restoration,EXISTING,,,
163,Blake Services,False,,False,"Placentia, CA",cus_NuerY0zsKsq8qy,884,0,884,Blake Services,EXISTING,,,
9,BluSky Restoration (frmly Liberty),False,,False,Utah,cus_MDPvTpJza9PdKu,574,0,574,BluSky Restoration (frmly Liberty),EXISTING,,,
160,Blue Dot Restoration,True,,False,", NY",cus_NrIQ4BGVw3OlRs,858,0,858,Blue Dot Restoration,EXISTING,,,
257,Blue Line Home Contractors,False,,False,"Wyckoff, NJ",cus_OyFRB8mm9quKCj,1159,2,1159,Blue Line Home Contractors,EXISTING,,,
230,Blue Line Restoration LLC,False,,False,", ",cus_OfTu1Lg5maSchx,1027,0,1027,Blue Line Restoration LLC,EXISTING,,,
40,BlueBear,False,,False,New York,cus_MzjzaydUj6N47j,36,0,36,Blue Bear Restoration,EXISTING,,,
369,BlueTeam,False,,False,"Deerfield Beach, FL",cus_QNU6ppZYHjdsfQ,1347,0,1347,BlueTeam,EXISTING,,,
135,Bravo Restoration,False,,False,California,cus_NXqkNNt57semT8,138,0,138,Bravo Restoration,EXISTING,,,
8,Buffalo Restoration,True,,False,Montana,cus_MDPuwOvU8w8sjl,573,0,573,Buffalo Restoration,EXISTING,,,
204,"Bull Matrix, LLC",False,,False,"Lehi, UT",cus_OOH2BmUAyspT0d,991,0,991,"BULL MATRIX, LLC",EXISTING,,,
92,CMB Here to Help,False,,False,"Fort Wayne, Indiana",cus_MmfCjWBHINMVJg,773,2,773,CMB Here to Help,EXISTING,,,
425,Capital Renovation LLC ,,,False,"Little Rock ,AR",cus_RWQ3CfdCEE87zz,,0,1416,Capital Renovation LLC,100%,,,
13,Case Restoration Co,False,,False,Tennessee,cus_MD8lu7F0GsHpN5,882,0,882,Case Restoration Co,EXISTING,,,
201,Castle One Rotary Steam Carpet Restoration,False,,False,"Memphis, TN",cus_OMrFyTYLlkzPqD,964,0,964,Castle One Rotary Steam Carpet Restoration,EXISTING,,,
113,Cinergy Restoration,True,,False,Florida,cus_NKH38UrsC4YrUo,767,0,767,Cinergy Restoration,EXISTING,,,
260,Clean,False,,False,"Tamp, Fal",cus_P0Nh1rEHvlnm4F,1177,0,1177,Clean,EXISTING,,,
5,Coastal Restoration,False,,False,Oregon,cus_MDPusyJ3lZaFSY,575,0,575,Coastal Restoration,EXISTING,,,
323,Coit Cleaning and Restoration of Delaware,,,False,"Claymont, Delaware",cus_Pma0xeyXfLCUmC,1245,2,1245,Coit Cleaning and Restoration of Delaware,EXISTING,,,
344,Coit Cleaning and Restoration of Minneapolis,,,False,MN,cus_Q43XfNOZtxsJvR,475,0,475,Coit Cleaning and Restoration of Minneapolis,EXISTING,,,
246,Coit Services of Reno,False,,False,"Reno, NV",cus_Oo9052f3Q1YeNh,1081,0,1081,Coit Services of Reno,EXISTING,,,
377,Complete Construction Utah,,,False,"Sandy,UT",cus_QUXm70SESJaLHI,1352,0,1352,Complete Construction Utah,EXISTING,,,
404,Complete Contractor Services,,,False,"Columbia,SC",cus_Qx2aQmODv4tNej,,13,1386,Complete Contractor Services,100%,,,
428,Construemax Property Restoration,,,False,"Orlando,Florida",cus_RfJnUY4fte1nEd,64,0,64,Sunrise on the ridge llc,EXISTING,,,
300,Copper Creek Construction,,,False,"Las Vegas,NV",cus_PYUdGVuYSXQ9rP,1280,0,1280,Copper Creek Construction,EXISTING,,,
41,Core Clean Services,False,,False,n/a,cus_MoXCNCc8og4Aam,1175,0,1175,CORE Clean Services,EXISTING,,,
270,Coyote Restoration,False,,False,"Fort Worth, TX",cus_PBmY7crEOTEJOy,1206,0,1206,Coyote Restoration LLC,EXISTING,,,
232,"DCV Restoration, LLC",False,,False,"Lake Worth, FL",cus_OgaxSLz71rBBCH,1031,0,1031,"DCV Restoration, LLC",EXISTING,,,
59,DKI Restotech,False,,False,California,cus_MDPuLoJ4fW2YmI,607,0,607,DKI Restotech,EXISTING,,,
328,DLW Disposal Services,,,False,"Detroit,MI",cus_PrezBsxlh0Hqhy,1204,0,1204,DLW Disposal Services,EXISTING,,,
443,"DRYmedic of Franklin, TN",,,False,"Franklin, Tennessee",cus_Sk1d0P1ABja6td,,13,,,,,,
330,Dansel Restoration,,,False,"San Jose, California",cus_PwDYR8yemDNNnj,1304,13,1304,Dansel Restoration,EXISTING,,,
125,Diana’s General construction,False,,False,Arizona,cus_NRVeGwvxryzRpO,,0,,,,,,
108,Donan,False,,False,Kentucky,cus_NCTxx8ve17upKu,855,0,855,Donan,EXISTING,,,
438,Dry by Design,,,False,"Indianapolis, Indiana",cus_SRGl5dukTfJkU5,,13,1536,Dry by Design,100%,,,
245,"E C Construction, LLC",False,,False,"Reno, NV",cus_Oo8jsFvnrE6jQ9,1082,0,1082,"E C Construction, LLC",EXISTING,,,
141,EMS Restoration and Construction,False,,False,"Corona, CA",cus_Ncglv8WMRCdAGp,813,0,813,EMS Restoration and Construction,EXISTING,,,
345,Elite Clean Restoration,,,False,"Greenwood, IN",cus_Q7nSExgJc3cjSM,1320,0,1320,Elite Clean Restoration,EXISTING,,,
112,Elite2Therescue,True,,False,New York,cus_NJWfXY6nUS7QsV,1350,0,1350,Elite2Therescue,EXISTING,,,
49,"Emergency Response Services, INC (ERSI)",False,,False,Michigan,cus_MDPuQeC987OyPX,820,0,820,Emergency Response Services,EXISTING,,,
242,Emergency Service Group 2 Inc,False,,False,Unknown,cus_Omwc673HcGqPQh,538,0,538,"Emergency Service Group, Inc.",EXISTING,,,
241,FP Property Restoration,True,,False,"Fort Myers, FL",cus_Olmwu33xrR53qD,1079,0,1079,FP Property Restoration,EXISTING,,,
403,FRSTeam,False,,False,Maryland,cus_QvbqtWLVMmD1dW,,0,1408,FRSTeam,100%,,,
349,Farha Roofing,False,,False,"Wichita, KS",cus_QAK8nd0tsCWkhZ,1323,0,1323,Farha Roofing,EXISTING,,,
347,Faulkner Restoration INC.,,,False,"Greenwood, Indiana",cus_Q9FtYbOFdhEc8A,1321,5,1321,FAULKNER RESTORATION INC.,EXISTING,,,
375,Fennell Construction,,,False,"Andover,MA",cus_QUV1OE1JdzT1ah,1353,14,1353,Fennell Construction,EXISTING,,,
6,Five Star Restoration,False,,False,Washington,cus_MDPvZPBSBNuLnd,593,0,593,Five Star Restoration,EXISTING,,,
311,Flood Response,True,,False,"Legrand, Columbia",,,0,,,,,,
222,Forerunnerrestoration,False,,False,"Sherwood, AR",cus_OcVi2yq9Y7WIBl,1021,0,1021,Forerunnerrestoration,EXISTING,,,
87,Forte Construction,False,,False,Florida,cus_MfqzbEmNJfKtpC,398,0,398,Forte Construction,EXISTING,,,
429,Fresno Sierra Contractors,,,False,"Fresno,CA",cus_Rj5ZtO6yq5Wp55,65,0,1500,Fresno Sierra Contractors,100%,,,
42,Frontier Builders (Formerly Rainbow KY),False,,False,Kentucky ,cus_MDQEyi1RSVQ3au,582,0,582,Frontier Builders (Formerly Rainbow KY),EXISTING,,,
106,Frontier Services Group,True,,False,Texas,cus_NCRCvrZD94Xlup,688,0,688,Frontier Services Group,EXISTING,,,
181,Fusion Flood & Fire,False,,False,"El Canon, CA",cus_O3MEIhcsu9sgPc,934,0,934,Fusion Flood & Fire,EXISTING,,,
63,G.W. Savage Corp.,False,,False,Vermont,cus_MDPvuOWQdlo8VT,596,0,596,G.W. Savage Corp.,EXISTING,,,
176,G2Restores,False,,False,TX,cus_O1irzEWPQRS3CC,925,0,925,G2Restores,EXISTING,,,
85,GDM Consulting Inc,True,,False,California,cus_Mc9ZJ4zzozZGDp,583,0,583,GDM Consulting Inc,EXISTING,,,
88,GLR Contractors,False,,False,Ohio,cus_OFFmRnRpBQ3r3k,399,0,399,GLR Contractors,EXISTING,,,
421,Geek Construction Team,,,False,"Ashville,North Carolina",cus_RHi9WRCdWwN1bT,,0,1407,Geek Construction Team,100%,,,
253,Greater Dayton Construction Group,False,,False,"Dayton, Ohio",cus_OvFjtEKvHP7HmX,1140,5,1140,Greater Dayton Construction Group,EXISTING,,,
238,H2O Drying Solutions,False,,False,"Charlotte, NC",cus_Ol40INW0ip8KZY,1077,0,1077,H2O Drying Solutions,EXISTING,,,
198,"Harper's Special Services, Inc.",False,,False,"Savannah, GA",cus_ONqtINslO9QTeK,993,0,993,"Harper's Special Services, Inc.",EXISTING,,,
110,Haven Builders of Minnesota,False,,False,Minnesota,cus_NF1XQXcNiT5NuN,766,0,766,Haven Builders of Minnesota,EXISTING,,,
290,High Caliber Restoration,,,False,"Mansfield, Texas",cus_PU7JmqRoo1oRr0,1274,2,1274,High Caliber Restoration,EXISTING,,,
185,Hillier Restoration,False,"148,66,68,7",True,Texas,cus_MDPyyOI9GhGZIe,930,0,930,Hillier Restoration,EXISTING,,,
359,HomeLyft,False,,False,"Gulfport, Mississippi",cus_QHQtlvFG4ncts7,1335,13,1335,HomeLyft,EXISTING,,,
427,Houck Services,,,False,"Hubert,NC",cus_RZ9WaCodReE33c,,0,1493,Houck Services,100%,,,
376,Hydro Clean,,,False,"Baltimore,Maryland",cus_QUWZGyYErwp6yX,1354,0,1354,Hydro Clean,EXISTING,,,
309,INTACT (Parent),,"311,310",True,",",cus_PgNqgSmNNezSh7,1291,0,1291,INTACT (Parent),EXISTING,,,
353,ION Solar,False,,False,"Provo, UT",cus_QD0KkymIesbjfY,1327,0,1327,ION Solar,EXISTING,,,
217,"IPM Construction, Restoration and Painting",False,,False,"Albuquerque, NM",cus_OYf0RIS5bSJsE2,1018,0,1018,"IPM Construction, Restoration and Painting",EXISTING,,,
402,Invictus Mitigation,,,False,"Hudson, FL",cus_Qv8QNxQERuZfem,,0,1385,Invictus Mitigation,100%,,,
273,JN Construction,,,False,"Mansfield,OH",cus_PEjFKF0dMZBvsQ,1208,0,1208,JN Construction,EXISTING,,,
445,Jasper Benson Restoration,,,False,"American Fork, Utah",cus_Sp9WaLblD8Haz8,,13,1278,Stephenson Restoration,81%,,,
10,Jenkins Restoration - Austin,True,,False,Texas,,196,0,196,Jenkins Restoration,EXISTING,,,
91,Jenkins Restoration - National Response Team,True,,False,Nationally(Corporate),cus_MmfA7w5xrUYrBP,420,0,420,Jenkins Restoration - National Response Team,EXISTING,,,
156,K-Tech Kleening Systems Inc.,False,,False,Wisconsin,cus_NpjkR0q7zvOEoG,864,0,864,K-Tech Kleening Systems Inc.,EXISTING,,,
61,Kennedy Restoration,False,,False,Oregon,cus_QBwXvyovvwiV48,299,8,299,Kennedy Restoration,EXISTING,,,
381,Kings Renovations,False,,False,",",cus_QZXfegJyw9lGVo,1360,0,1360,Kings Renovations,EXISTING,,,
289,Kustom.US - Pasco,True,,False,Washington,,,2,,,,,,
302,Kustom.US - Pasco (Parent),,"289,301",True,"Pasco, Washington",cus_MDPvjWzIfbqB4P,421,2,421,Kustom.US - Pasco (Parent),EXISTING,,,
301,Kustom.US - Phoenix,True,,False,Phoenix,,,2,,,,,,
432,Lighthouse Disaster Services,,,False,"Baton Rouge,LA",cus_S0H6BhIkQuAiCq,68,0,1504,Lighthouse Disaster Services,100%,,,
11,MA Restoration,False,,False,Massachusetts,,245,0,245,MA Restoration,EXISTING,,,
126,Mammoth Restoration,False,,False,Arizona,cus_NS9vIhky3yJhv5,853,0,853,Mammoth Restoration,EXISTING,,,
56,Master Service Group,False,,False,Illinois,cus_MDPwxQpqC4j1rt,606,0,606,Master Service Group,EXISTING,,,
218,Matthew G. Wylie,False,,False,"Houston, TX",cus_Oavd1JDLEQs8ql,1020,0,1020,Matthew G. Wylie (mwylie@wylie-law.com),EXISTING,,,
444,MaxClean Restoration,,,False,"Colts Neck, New Jersey",cus_SoOB0AGHzJVf4o,,13,245,MA Restoration,82%,,,
220,McCabe Restoration,False,,False,"Memphis, Tennessee",cus_Oc81DUr3oDVn1Q,1068,14,1068,McCabe Restoration,EXISTING,,,
326,McDonald Equities,,,False,"Las Vegas, Nevada",cus_PpOTOmcg2JjqkN,50,0,50,McDonald Equities,EXISTING,,,
46,Mcmahon Services & Construction,False,,False,Illinois,cus_MDPxlvTIpOX1le,564,0,564,Mcmahon Services & Construction,EXISTING,,,
435,Monarch Restoration,,,False,"Louisville, Kentucky",cus_SOAztpUqTiWkC3,,13,1531,Monarch Restoration,100%,,,
233,Mr. Cleanz Restoration & Remodeling,False,,False,"Blue Springs, MO",cus_OgbqwfZIzNlBld,1030,0,1030,Mr. Cleanz Restoration & Remodeling,EXISTING,,,
234,N-Tier Disaster Restoration,False,,False,", ",cus_Oi9GtpHihBGHxj,1071,0,1071,N-Tier Disaster Restoration,EXISTING,,,
441,NE Building Company,,,False,"North Attleboro, Massachusetts",cus_SeIKwOfbzz1osI,,14,,,,,,
373,Nashville Construction Consultants,,,False,"Lebanon, tn",cus_QRM7ryHmwwELOU,1346,0,1346,Nashville Construction Consultants,EXISTING,,,
280,Nat-Cat,,,False,"Schaumburg, IL",cus_PRVPeeVUlWj3Ik,1264,0,1264,Nat-Cat,EXISTING,,,
111,National Catastrophe Restoration Inc.,False,,False,Kansas,cus_NHjJV1zKwkMoqn,915,0,915,National Catastrophe Restoration Inc.,EXISTING,,,
332,National Catastrophe Solutions,,,False,"Chicago, Illinois",cus_PyrbJbm6t87Rt6,474,5,474,National Catastrophe Solutions,EXISTING,,,
104,National Flood & Fire Network,False,"314,315,318",True,"Sandy, Utah",cus_NADGOYkawVdwnQ,694,5,694,National Flood & Fire Network,EXISTING,,,
314,National Flood & Fire Network - NJ,True,,False,New Jersey,,,5,694,National Flood & Fire Network,92%,,,
315,National Flood & Fire Network - TX,True,,False,Texas,,,5,694,National Flood & Fire Network,92%,,,
318,National Flood & Fire Network - UT,True,,False,Utah,,,5,694,National Flood & Fire Network,92%,,,
281,Neptune Restoration,,,False,"Virginia Beach, VA",cus_PRqXEA2Y7tq3da,1265,0,1265,Neptune Restoration,EXISTING,,,
416,New England Water Remediation,,,False,"Bedford,New Hampshire",cus_RDxhMR46Pq5XWH,,0,1402,New England Water Remediation,100%,,,
418,Next Day Roofing & Gutter Solutions,,,False,"Maineville,OH ",cus_RFSYlJLfmbSC4m,,0,1404,Next Day Roofing & Gutter Solutions,100%,,,
295,Northwest Restoration,,,False,"Aurora,OR",cus_PUVecl0WkROpfe,1270,0,1270,Northwest Restoration,EXISTING,,,
396,NuBilt Restoration & Construction,False,,False,"Denver, CO",cus_QnJAtv8ZDdJpMm,,0,1378,NuBilt Restoration & Construction,100%,,,
211,O So Kleen - CTR Lewiston,True,,False,"Lewiston, Idaho",,,5,,,,,,
210,O So Kleen - CTR Spokane,True,,False,"Spokane, Washington",,,5,,,,,,
208,O So Kleen - Hermiston,True,,False,"Hermiston, OR",,,5,,,,,,
224,O So Kleen Companies,False,"211,210,208",True,Oregon,cus_OShhIGioYezjg8,1066,0,1066,O So Kleen Companies,EXISTING,,,
384,Oklahoma Disaster Restoration,False,,False,"Tulsa, Oklahoma",cus_QeiSDmMBwHpvk4,,2,1366,Oklahoma Disaster Restoration,100%,,,
417,Omega Disaster Restoration,,,False,"Lynchburg, VA",cus_RFREQXA0Kyx60Q,,3,1403,Omega Disaster Restoration,100%,,,
350,OneRestore,False,,False,"Ocala, FL",cus_QAPXs4to4gXNA7,1324,0,1324,OneRestore,EXISTING,,,
205,Oracle Construction and Restoration,False,,False,"Sacramento, CA",cus_OPnRbNVOIEfozt,958,0,958,Oracle Construction and Restoration,EXISTING,,,
117,Oso Inspections and Testing,True,,False,Arizona,cus_NOSxQiChypVe4d,787,0,787,Oso Inspections and Testing,EXISTING,,,
97,PCAM Services Inc.,False,,False,Washington,cus_N1cNpoYPYBmiJW,690,0,690,PCAM Services Inc.,EXISTING,,,
433,PCM ,,,False,"Commerce,CA",cus_S1oVSAZfW8G51W,69,3,69,Rainbow International of McAllen,EXISTING,,,
266,PDES - ESTX18,False,,False,", ",cus_P8ciocQLe8fJsl,1173,0,1173,PDES - ESTX18,EXISTING,,,
133,PDR - AANC,False,,False,", ",cus_NX2eat2p0wC21v,761,0,761,PDR - AANC,EXISTING,,,
197,PDR - ASTX,False,,False,"Austin, Texas",cus_OHpdWeKITSgUJZ,952,3,952,PDR - ASTX,EXISTING,,,
183,PDR - BLMD,False,,False,", ",cus_O5sgmoX74eGEoz,922,0,922,PDR - BLMD,EXISTING,,,
89,PDR - BSMA/RDIS,False,,False,Massachusetts & Rhode Island ,cus_MlPf9LedY0jtMQ,603,0,603,PDR - BSMA/RDIS,EXISTING,,,
159,PDR - BTLA,False,,False,"Baton Rouge, LA",cus_NqTGLQhPOqJn4f,859,0,859,PDR - BTLA,EXISTING,,,
132,PDR - CDFW,False,,False,Texas,cus_NVdsEVIEHUvIb9,757,0,757,PDR - CDFW,EXISTING,,,
52,PDR - CENE,False,,False,Nebraska,cus_MDPxO6PQwz4SwF,589,0,589,PDR - CENE,EXISTING,,,
69,PDR - CHNC *rhsc*,True,,False,North Carolina,cus_Mwiam1hc42dLq1,,0,,,,,,
146,PDR - CLGA,False,,False,", ",cus_Nk6MolAoCdEcJw,817,0,817,PDR - CLGA,EXISTING,,,
182,PDR - CNMI,False,,False,"Bay City, MI",cus_O58Ec8mg3RZyfm,923,0,923,PDR - CNMI,EXISTING,,,
100,PDR - DNTX,False,,False,Texas,cus_N8mr1F0JP3dj4y,692,0,692,PDR - DNTX,EXISTING,,,
202,PDR - DPDE,False,,False,"Salisbury, MD",cus_ON46eKXRSvGBCI,963,14,963,PDR - DPDE,EXISTING,,,
167,PDR - DUVL,False,,False,", ",cus_NwQwbyIcTybfBf,881,0,881,PDR - DUVL,EXISTING,,,
169,PDR - ECIN,False,,False,", ",cus_NxDLrusGKWKLb6,878,0,878,PDR - ECIN,EXISTING,,,
157,PDR - ESCA16,False,,False,"Temecula, CA",cus_NptgqeWwdUkH0C,872,0,872,PDR - ESCA16,EXISTING,,,
26,PDR - ESFL,False,,False,Florida,,161,0,161,Paul Davis of the Gables,EXISTING,,,
84,PDR - ETMP,False,,False,Florida,,400,0,400,PDR - ETMP,EXISTING,,,
14,PDR - FCCO,False,,False,Colorado,cus_MDPxYc4kdovSPz,569,0,569,PDR - FCCO,EXISTING,,,
127,PDR - FCCT,False,,False,Connecticut,cus_NSbTj9sueUuzWV,758,0,758,PDR - FCCT,EXISTING,,,
79,PDR - FLSC *orla*,True,,False,Florida,,,0,,,,,,
355,PDR - GDCO,True,,False,Colorado,,,13,572,PDR - GDCO,100%,,,
27,PDR - GDCO (Migrated),True,,False,Colorado,,572,0,572,PDR - GDCO,EXISTING,,,
99,PDR - GFVA,False,,False,Virginia,cus_N7dIDAnELoVUXa,960,2,960,PDR - GFVA,EXISTING,,,
161,PDR - GPMI,False,,False,", ",cus_NsM3vcBJTHs9Sz,876,0,876,PDR - GPMI,EXISTING,,,
115,PDR - GRPS,False,,False,Philadelphia,cus_NMaJ0xYgn1XtV7,770,0,770,PDR - GRPS,EXISTING,,,
148,PDR - GRVA,True,,False,"Richmond, Virginia ",cus_NkuAdnBkH9Bhc3,856,0,856,PDR - GRVA,EXISTING,,,
73,PDR - GVSC,False,,False,South Carolina,cus_MDPxEAPCIJyGhc,586,0,586,PDR - GVSC,EXISTING,,,
120,PDR - GVWA,False,,False,Washington ,cus_NPbJImuqDbdCUc,686,0,686,PDR - GVWA,EXISTING,,,
114,PDR - HBCA,False,,False,California,cus_NMFtxo2WqYo8h4,,0,,,,,,
28,PDR - IACO,False,,False,Iowa,cus_MDQ1TPdquo1eMl,568,0,568,PDR - IACO,EXISTING,,,
414,PDR - IDAH,True,,False,Idaho,,,13,630,PDR - IDAH,100%,,,
94,PDR - IDAH (Migrated),False,,False,Idaho,cus_Mt1uAEF0r7jO2n,630,0,630,PDR - IDAH,EXISTING,,,
256,PDR - IECA,False,,False,"Inland Empire, CA ",cus_OxqJWphNpGHqyw,1161,0,1161,PDR - IECA,EXISTING,,,
66,PDR - KHTX*,True,,False,Houston,,,0,,,,,,
134,PDR - LANS,False,,False,"Lansing, MI",cus_NXPIiLhfY5DmLJ,762,0,762,PDR - LANS,EXISTING,,,
143,PDR - LDON,False,,False,"Fredericksburg, VA",cus_NfIPs9CVr2XI88,873,0,873,PDR - LDON,EXISTING,,,
316,PDR - LDON - Huron,,,False,huron,cus_PiMkZa13BlCtjD,873,0,873,PDR - LDON,EXISTING,,,
145,PDR - LLCY,False,,False,PDR LLCY,cus_NjRSgyzWQ1bdya,812,0,812,PDR - LLCY,EXISTING,,,
101,PDR - LOUI,False,,False,"Louisville, Kentucky",cus_N99fNcRT08BoDi,689,2,689,PDR - LOUI,EXISTING,,,
136,PDR - MBPA,False,,False,Pennsylvania,cus_MDPzzlgGilCHYJ,821,0,821,PDR - MBPA,EXISTING,,,
65,PDR - MCMI,False,,False,"Shelby Township, Michigan",cus_MDPyQxQ8KzDcW9,631,2,631,PDR - MCMI,EXISTING,,,
129,PDR - MDSO,False,,False,Maryland,cus_NTbhT18FOdxdBe,765,13,765,PDR - MDSO,EXISTING,,,
83,PDR - MLNC,False,,False,North Carolina,cus_MdXWPHGqzQ4jcr,558,0,558,PDR - MLNC,EXISTING,,,
29,PDR - MSMO,False,,False,Missouri,cus_MDQ2jTEy6cfNb9,594,0,594,PDR - MSMO,EXISTING,,,
374,PDR - NDCO,True,,False,Colorado,,605,13,605,PDR - NDCO,EXISTING,,,
30,PDR - NDCO (Migrated),False,,False,Colorado,cus_MDQ21F3f2BYO8D,605,0,605,PDR - NDCO,EXISTING,,,
269,PDR - NEWM,False,,False,"Albuquerque, New Mexico",cus_PBJCAJcK9ASfo3,1207,0,1207,PDR - NEWM,EXISTING,,,
203,PDR - NOMI,False,,False,"Pontiac, MI",cus_OOEGv2yP50g0dJ,961,0,961,PDR - NOMI,EXISTING,,,
123,PDR - NOMS,False,,False,Mississippi,cus_NRUlDfQfR7Enih,771,0,771,PDR - NOMS,EXISTING,,,
362,"PDR - NOOK, MSKC, TOPK",,,False,"Lawrence, KS",cus_QM3XJhulTFgkj1,1339,0,1339,"PDR - NOOK, MSKC, TOPK",EXISTING,,,
31,PDR - NOVA,False,,False,Virginia,,124,0,124,Paul Davis Restoration of Northern VA,EXISTING,,,
446,PDR - NSAT,,,False,"San Antonio, Texas",cus_SrpaffZ7u98HZA,,13,,,,,,
196,PDR - NWFL,False,,False,Florida,cus_OHp94Pzm42cAhB,954,0,954,PDR - NWFL,EXISTING,,,
383,PDR - NWIN,,,False,",",cus_QcUikAHT3GTZFV,,0,1364,PDR - NWIN,100%,,,
251,PDR - NWKY,False,,False,", ",cus_Ot1RxPWa2euhrJ,1141,0,1141,PDR - NWKY,EXISTING,,,
128,PDR - OCMI,False,,False,"Clinton Township, MI",cus_NSxZZdXVFJ0LgE,759,0,759,PDR - OCMI,EXISTING,,,
25,PDR - ORLA*,False,79,True,Florida,cus_MDQ2fYTbMew9je,240,0,240,PDR - Orlando,EXISTING,,,
235,PDR - PABC,False,,False,", ",cus_OjBua7pUNpIkZp,1074,0,1074,PDR - PABC,EXISTING,,,
32,PDR - PBFL,False,,False,Florida,cus_MtL9vUrzreJxQq,580,0,580,PDR - PBFL,EXISTING,,,
121,PDR - PDNC,False,,False,North Carolina,cus_NR2KJERFqHbvw4,768,0,768,PDR - PDNC,EXISTING,,,
82,PDR - PSCA,False,,False,"Palm Desert, CA",cus_MePvtuZvEBfq3r,590,13,590,PDR - PSCA,EXISTING,,,
68,PDR - RENC *khtx*,True,,False,North Carolina,,,0,,,,,,
67,PDR - RHSC*,False,69,True,South Carolina,cus_MDQ37k9sJID7Bv,1317,0,1317,PDR - RHSC,EXISTING,,,
102,PDR - RTNV,False,,False,Nevada,cus_N9WD6F3fTZgqkm,691,0,691,PDR - RTNV,EXISTING,,,
98,PDR - SCIA,False,,False,Nebraska,cus_N7BnDKwcb777K4,818,0,818,PDR - SCIA,EXISTING,,,
60,PDR - SESL,False,,False,Missouri,cus_MDQ3LSM2SJvO1e,629,0,629,PDR - SESL,EXISTING,,,
360,PDR - SGVE,,,False,"East San Gabriel Valley,California",cus_QHtf9ASFRghviY,1336,0,1336,PDR - SGVE,EXISTING,,,
76,PDR - SNHM,False,,False,New Hampshire,cus_MLYsXfgHEr0d3j,599,0,599,PDR - SNHM,EXISTING,,,
149,PDR - SOCA,False,,False,"Fredericksburg, VA",cus_NmRwrsiCEgoUQE,811,0,811,PDR - SOCA,EXISTING,,,
171,PDR - SONJ,False,,False,"Fredericksburg, VA",cus_NxxUoIazk8A36X,927,0,927,PDR - SONJ,EXISTING,,,
107,PDR - SSCC,False,,False,Florida,cus_NCSIZZsi6ZOMnP,785,0,785,PDR - SSCC,EXISTING,,,
95,PDR - SVPA,False,,False,Pennsylvania ,cus_MznTHSc4OvIgHM,928,0,928,PDR - SVPA,EXISTING,,,
15,PDR - TAWA,False,,False,Washington,cus_MDQDWPc0KRG5pU,570,0,570,PDR - TAWA,EXISTING,,,
351,PDR - THFL,False,,False,"Tallahassee, FL",cus_QCB658Z4vyiXvy,1326,0,1326,PDR - THFL,EXISTING,,,
7,PDR - TNMI *khtx*,True,,False,Tennessee,,,0,,,,,,
118,PDR - TNMS,False,,False,Tennesee,cus_NOUjNv21LhAkDf,769,0,769,PDR - TNMS,EXISTING,,,
48,PDR - TULSA,False,,False,Oklahoma,,94,0,94,PDR - TULSA,EXISTING,,,
178,PDR - UNNJ,False,,False,"Piscataway, NJ",cus_O2Vxzab8HVO0DI,921,14,921,PDR - UNNJ,EXISTING,,,
80,PDR - UTWF,True,,False,"Salt Lake City, Utah",,,13,585,PDR - UTWF,100%,,,
195,PDR - VBCH,False,,False,", ",cus_OHWMpxxPkhlDUT,949,0,949,PDR - VBCH,EXISTING,,,
184,PDR - WATX,False,,False,TX ,cus_O6zODB7vQEkgSn,924,0,924,PDR - WATX,EXISTING,,,
53,PDR - WCCI,False,,False,"Mokena, Illinois",cus_MDQDNPlahqRtEy,598,0,598,PDR - WCCI,EXISTING,,,
54,PDR - WFTX,False,,False,"Fort Worth, Texas",cus_MDQDASEXDxfxAZ,566,0,566,PDR - WFTX,EXISTING,,,
75,PDR - WRVA,False,,False,Virgina,cus_MLYrTwblzZQtBo,601,0,601,PDR - WRVA,EXISTING,,,
147,PDR - WSLA,False,,False,Los Angeles ,cus_Nk8t8BycZNgqcS,816,0,816,PDR - WSLA,EXISTING,,,
267,PDR - WTAZ,False,,False,", ",cus_P8dkEZovjsKBNS,1172,0,1172,PDR - WTAZ,EXISTING,,,
437,Paces Contracting Services LLC,,,False,Georgia,cus_SRFokrOZvFijSh,,14,1535,Paces Contracting Services LLC,100%,,,
407,Pack2normal,,,False,"Columbia, South Carolina",cus_QxlZ5FzndEL0US,,0,1391,Pack2normal,100%,,,
448,Panda Exteriors,,,False,"Laurel, Maryland",cus_T05XvktuHkHGqg,,14,,,,,,
405,Parish Restoration ,,,False,"Baton Rouge ,LA ",cus_QxRIteCauaBQo7,,0,1389,Parish Restoration,100%,,,
440,Parker Young,,,False,"Norcross, Georgia",cus_SayXjmzvoZlLLu,,14,,,,,,
206,Paul Davis Restoration of Pasadena,False,,False,"Los Angeles, CA",cus_OQVbrNTj2u8gck,863,0,863,Paul Davis Restoration of Pasadena,EXISTING,,,
304,Paul Davis Restoration of Utah Companies,,"355,374,80,414",True,"Centerville, Utah",cus_MePh1vgnWMmMUa,1151,13,1151,Paul Davis Restoration of Utah Companies,EXISTING,,,
150,Paul Davis Spokane,False,,False,"Spokane, Washington",cus_NmSpceRsbDesZr,887,0,887,Paul Davis Spokane,EXISTING,,,
119,Peak Builders,False,,False,California,cus_NP7qYqOMquVWCV,867,0,867,Peak Builders,EXISTING,,,
250,Peerless Restoration Services,False,,False,", VA",cus_OpxOqTjG3SLab0,1143,0,1143,Peerless Restoration Services,EXISTING,,,
228,Penn Restoration,False,,False,"Bellefonte, Pennsylvania",cus_Oe0D6JwRvdUWpA,1024,14,1024,Penn Restoration,EXISTING,,,
426,Pennys Restoration,,,False,"Austin,TX ",cus_RXPqqbp1OM1LKM,,0,1417,Pennys Restoration,100%,,,
173,Personal Touch Services,False,,False,"Chesapeake, VA",cus_O00TCboCogTv6f,886,5,886,Personal Touch Services,EXISTING,,,
447,Philip Edward Contracting,,,False,"Buford, Georgia",cus_SzLVizhAWmU1T9,,0,,,,,,
55,Picou Builders,False,,False,Louisiana,cus_NlyFWeXd6FSeVW,90,0,90,Picou Builders,EXISTING,,,
410,Power Mitigation and Restoration Company,,,False,",",cus_R1F7iRyJW3WqgB,,0,1395,Power Mitigation and Restoration Company,100%,,,
16,Premier,False,,False,South Carolina,cus_MDQDWVMq2BQGCm,571,3,571,Premier,EXISTING,,,
411,Premier Associates LLC dba Advanced Restoration,,,False,"Easley, SC",cus_R2PG7NZ3sIrdJw,,0,1394,Premier Associates LLC dba Advanced Restoration,100%,,,
259,Premier Construction,False,,False,Texas,cus_OyZqoxLdCCm6FM,1162,0,1162,Premier Construction,EXISTING,,,
348,Premiere Restoration,,,False,"Orlando,FL",cus_Q9IezlYNp3eM1b,1322,0,1322,Premiere Restoration,EXISTING,,,
382,Premium Restoration TX,True,,False,Texas,,,0,1322,Premiere Restoration,81%,,,
243,Prime Construction,False,,False,"Fairview , TN",cus_OnLNwYwYKp2PU1,1080,0,1080,Prime Construction,EXISTING,,,
172,Prime Restoration,False,,False,"Lincoln, RI",cus_NzZri92ch3Jbt2,871,0,871,Prime Restoration,EXISTING,,,
313,Pro Steamer Cleaning and Restoration,,,False,"Roswell, New Mexico",cus_Phb8xNBjQm6i9b,1212,0,1212,Pro Steamer Cleaning and Restoration,EXISTING,,,
137,Property Restoration Services,False,,False,"Fredericksburg, VA",cus_Na0VdEbxyz96e6,763,0,763,Property Restoration Services,EXISTING,,,
33,Pulido,False,,False,California,,145,0,145,Pulido,EXISTING,,,
175,PuroClean Emergency Recovery Services,False,,False,"Delran, NJ",cus_O0fhCzAXDUmvQV,919,0,919,PuroClean Emergency Recovery Services,EXISTING,,,
191,PuroClean Restoration Specialists,False,,False,", ",cus_OFIpR6yt18z3wQ,990,0,990,PUROCLEAN RESTORATION SPECIALISTS,EXISTING,,,
337,PuroClean of Illinois,,,False,"O'Fallon,Illinois",cus_Q125a6Gqqz1Ogy,1186,0,1186,PuroClean of Illinois,EXISTING,,,
334,PuroClean of Rhode Island,,,False,",",cus_PzSzV6fWyLxUZz,1145,0,1145,PUROCLEAN of Rhode Island,EXISTING,,,
70,PuroFirst Cal-Tera Restoration,False,,False,California,cus_MDQDKKNnIp3Iwg,560,0,,,,,,
406,Puroclean of Augusta,,,False,"Augusta, GA",cus_QxRzqkUHCxKdTW,,2,1390,Puroclean of Augusta,100%,,,
34,Puroclean of Bluffdale,False,,False,Utah,cus_MDQDGKexE1vzZb,916,0,916,Puroclean of Bluffdale,EXISTING,,,
74,Puroclean of Central Southwest Houston,False,,False,Texas,cus_MswXaFg1AHn0HR,875,0,875,Puroclean of Central Southwest Houston,EXISTING,,,
194,Puroclean of East Cobb,False,,False,East Cobb Georgia ,cus_OGKFruDbozZs9T,953,0,953,Puroclean of East Cobb,EXISTING,,,
324,Puroclean of Norman,,,False,"Norman ,OK",cus_Poi8Bkc2cBv6eF,529,0,529,Puroclean of Norman,EXISTING,,,
78,Puroclean of West Houston,False,,False,Texas,cus_MdIMwPC2yDfEdy,561,0,561,Puroclean of West Houston,EXISTING,,,
17,Purofirst Disaster Service,False,,False,Kentucky,cus_MDQE5gUmJphogR,608,0,608,Purofirst,EXISTING,,,
130,Quarve Contracting,False,,False,Minneapolis,cus_NU4Q1rQp0myUY0,857,0,857,Quarve Contracting,EXISTING,,,
436,RESTORATION EXPERTS OF NY,,,False,New York,cus_SQnSvKdjBXoXB4,,14,1533,RESTORATION EXPERTS OF NY,100%,,,
368,RIB - Restoration Insurance Billing,False,"380,382,372,371",True,"Gilbert, AZ",cus_QNTmPlCPWl56TQ,1362,0,1362,RIB - Restoration Insurance Billing,EXISTING,,,
331,RainFire Restoration,,,False,"South Jordan,UT",cus_PyS8bqjN5PsJ4b,473,0,473,RainFire Restoration,EXISTING,,,
229,Rainbow International of Rockville,False,,False,", ",cus_OfObjUlQlCfz3u,1028,0,1028,Rainbow International of Rockville,EXISTING,,,
116,Rainbow International of Vancouver,False,,False,Washington,cus_NN0thU5SSS6AAi,772,0,772,Rainbow International of Vancouver,EXISTING,,,
265,Rainbow International of Webster,False,,False,Webster TX,cus_P8KegR6qwrEH6b,1174,0,1174,RAINBOW INTERNATIONAL OF WEBSTER,EXISTING,,,
394,Rainbow Restoration of Happy Valley,,,False,"Portland, Oregon",cus_QmcHr3rnL5IRzo,,0,1377,Rainbow Restoration of Happy Valley,100%,,,
365,Rainbow Restoration of South Central Iowa,,,False,"Winterset, Iowa",cus_QMkTe8if2M8pjA,1341,13,1341,Rainbow Restoration of South Central Iowa,EXISTING,,,
329,Rainbow Restoration of St. Louis,,,False,"Fairview Heights, IL",cus_Ps3iLjWiJy9pjC,1246,0,1246,Rainbow Restoration of St. Louis,EXISTING,,,
93,Rapid Remediation LLC,False,,False,Texas,cus_MtQ8GDmKvOqnsV,427,0,427,Rapid Remediation LLC,EXISTING,,,
231,Rapid Response Team,False,,False,Florida,cus_OgCadkPSYeXDK9,1029,0,1029,Rapid Response Team,EXISTING,,,
420,Rapid Restoration 24/7 ,,,False,"Berkley, Michigan",cus_RFnuuONvys9OZ3,,12,1406,Rapid Restoration 24/7,100%,,,
103,Ready2Go Mold,False,,False,New York,,,0,,,,,,
276,Reliable Roofing,False,,False,"Round Rock,TX",cus_PJEFsF879awY7X,1213,0,1213,Reliable Roofing,EXISTING,,,
327,Remedics Restoration Carolinas,,,False,"Pineville,NC",cus_PqXTt7SWWpmfzg,939,0,939,Remedics Restoration Carolinas,EXISTING,,,
162,RescomX LLC,False,,False,"Fredericksburg, VA",cus_NuYt5edCrBmSPb,880,0,880,RescomX LLC,EXISTING,,,
154,Restopro,False,,False,"Indianapolis, IN",cus_Np89TdRsGy6jlm,861,0,861,Restopro,EXISTING,,,
109,Restoration 1 - New Jersey,False,,False,New Jersey,cus_NEzvGT3fOOQraV,693,0,693,Restoration 1 - New Jersey,EXISTING,,,
372,Restoration 1 of East Sacramento,True,,False,CA,,,0,,,,,,
371,"Restoration 1 of Middletown, North Pittsburgh, & Wilmington",True,,False,PA,,,0,,,,,,
216,Restoration 1 of Texas Hill Country,False,,False,"Fredericksburg, VA",cus_OYR7u53xIk9q1Q,996,0,996,Restoration 1 of Texas Hill Country,EXISTING,,,
213,Restoration 1 of West Denver,False,,False,"Fredericksburg, VA",cus_OXd7CYaXl7gZZe,1004,0,1004,Restoration 1 of West Denver,EXISTING,,,
248,Restoration 1 of West Palm Beach Inc,False,,False,"West Palm Beach, FL",cus_OoUhL1Lt3iszvR,1084,0,1084,Restoration 1 of West Palm Beach Inc,EXISTING,,,
385,Restoration Supply Network,False,,False,",",cus_QfoufCbkai92Pp,,0,1379,Restoration Supply Network,100%,,,
18,Restoration Xperts,True,,False,Florida,,,0,888,Restoration Pros,88%,,,
35,Restoration-Network,False,,False,Minnesota,cus_MDQI9g8uslosKi,581,0,581,Restoration-Network,EXISTING,,,
294,Restorationpros.org,,,False,"Springfield, Oregon",cus_PUVFbD6DzFf5ct,1271,3,1271,restorationpros.org,EXISTING,,,
193,Restore X (Previously SVM of Sequim),False,,False,", Washington",cus_OFaVkabBMdmcNK,995,0,995,Restore X (Previously SVM of Sequim),EXISTING,,,
252,"RestoreX, LLC",False,,False,"Petaluma, California",cus_Othk93BSKDZPMe,1139,5,1139,"RestoreX, LLC",EXISTING,,,
400,Revo Construction,,,False,"Marietta, Georgia",cus_Qs5PfDGd0f7zAl,,13,1381,Revo Construction,100%,,,
255,Reyes Restoration,False,,False,"Glen Burnie, Maryland",cus_OxU42AuKqZhYjO,1180,0,1180,Reyes Restoration,EXISTING,,,
258,Ricksbones,False,,False,"Pacifica, CA",cus_OyGbVDUd7RBUu5,1179,0,1179,Ricksbones,EXISTING,,,
71,Rock Emergency Services,False,,False,New York,cus_MtQELcQJMsbVtT,917,0,917,Rock Emergency Services,EXISTING,,,
166,Roth - FDRG,True,,False,.,,,0,,,,,,
164,Roth - RCC,True,,False,.,,,0,,,,,,
165,Roth - RCI,True,,False,.,,,0,,,,,,
158,Roth Construction and Cleaning Companies,False,"164,165,166",True,"Cleveland, OH",cus_Nq9lyYu55S9tWZ,874,0,874,Roth Construction and Cleaning Companies,EXISTING,,,
439,Royal Restoration,,,False,"Springfield, Virginia",cus_SYkJZ9JcT4kxtM,,14,947,Zona Restoration,85%,,,
64,SM RSI,False,"321,320,319",True,"Oklahoma City, Oklahoma",cus_MDQIkg1MceTdyl,868,14,868,SM RSI,EXISTING,,,
321,SM RSI - Ada,True,,False,Ada,,,14,,,,,,
320,SM RSI - Oklahoma City,True,,False,Oklahoma City,,,14,,,,,,
319,SM RSI - Tulsa,True,,False,Tulsa,,,14,,,,,,
58,SM24 - HRB,False,,False,Florida,,,0,,,,,,
4,SM24 of Tampa,False,,False,Florida,,22,0,22,ServiceMASTER 24 Hour,EXISTING,,,
247,SOS Rescue Restoration,False,,False,"Westminster, MA",cus_OoRc81aEONAoMX,1163,2,1163,SOS Rescue Restoration,EXISTING,,,
226,Sage Restoration,False,,False,"Overland Park, Kansas",cus_Odug45IymhPlsS,1026,14,1026,Sage Restoration,EXISTING,,,
249,Sales Communication in the Scientific Arts of Land KLC IA,False,,False,"Keokuk, IA",cus_OoaCHBZ8BWmnFA,1070,0,1070,Sales Communication in the Scientific Arts of Land KLC IA,EXISTING,,,
45,Sales Trials,False,,False,WeScope,,,0,,,,,,
57,Sanchez General Contracting,False,,False,Florida,,,0,,,,,,
303,ScanCaddy,,,False,California,cus_PdTWVxxiowmV9K,57,0,57,ScanCaddy,EXISTING,,,
409,Scene Clean,,,False,"Frederick,MD",cus_R0mbOC2ODDrqHF,,0,1393,Scene Clean,100%,,,
47,ServPro - King of Prussia,False,,False,"Prussia, PA",,,0,,,,,,
186,ServPro of Chattanooga (Parent),False,,True,Tennessee,cus_NV7mcecVYeJ7Rx,956,0,956,Servpro of Chattanooga (Parent),EXISTING,,,
36,ServPro of Downey,False,,False,California,cus_MDQKGrZciyKtiN,602,0,602,ServPro of Downey,EXISTING,,,
19,ServPro of NW Charlotte,False,,False,North Carolina,cus_MDQKOu4w7vUaFz,600,0,600,ServPro of NW Charlotte,EXISTING,,,
37,ServPro of Parma,False,,False,Ohio,cus_MDQK9NX17PGpTK,175,0,175,ServPro of Parma,EXISTING,,,
21,ServPro of Weymouth/Quincy,False,,False,Massachusetts,,584,0,584,ServPro of Weymouth/Quincy,EXISTING,,,
139,Service Master Advantage,False,,False,"Atlanta, GA",cus_NbvBBMH5xiGA7E,760,0,760,Service Master Advantage,EXISTING,,,
413,ServiceMaster 1st Choice ,,,False,"Hoquiam,WA",cus_R4boVHlEVGWcVl,,0,1397,ServiceMaster 1st Choice,100%,,,
227,ServiceMaster Cleaning & Restoration,False,,False,California ,cus_OdvzrtBky1cVFQ,1025,0,1025,ServiceMaster Cleaning & Restoration,EXISTING,,,
236,ServiceMaster Recovery Services,False,,False,", ",cus_OjCq62aapA5JnW,1073,0,1073,ServiceMaster Recovery Services,EXISTING,,,
179,ServiceMaster by Compass,False,,False,"Spokane, WA",cus_O2pNkA33DATEKw,926,0,926,ServiceMaster by Compass,EXISTING,,,
361,ServiceMaster by Lomroe,,,False,",OR",cus_QKuR7G9osg9WNu,1338,0,1338,SERVICEMASTER BY LOMROE,EXISTING,,,
188,ServiceMaster by Reliant,False,,False,"Spring , Texas",cus_O9xoy51xq8JrcW,932,8,932,ServiceMaster by Reliant,EXISTING,,,
240,ServiceMaster of Middle Georgia,False,,False,"Atlanta, GA",cus_OlSzyWgTDkVvEH,1078,0,1078,ServiceMaster of Middle Georgia,EXISTING,,,
2,ServiceMaster of Prescott,False,,False,"Prescott, Arizona",cus_MDQMsNOTfvnVZf,870,0,870,ServiceMaster of Prescott,EXISTING,,,
81,Servpro of Bellaire,False,,False,"Bellaire, TX",cus_Mc9SH8aQfdwKUw,559,0,559,Servpro of Bellaire,EXISTING,,,
131,Servpro of Chattanooga,False,,False,Tennessee,,,0,956,Servpro of Chattanooga (Parent),83%,,,
239,"Servpro of Cheatham, Robertson & Dickson Counties",False,,False,", ",cus_Ol8Gu07iLg8mCG,1076,0,1076,"SERVPRO of Cheatham, Robertson & Dickson Counties",EXISTING,,,
214,Servpro of Flathead County,False,,False,"Columbia Falls, MT",cus_OXxFsatkeDEDVS,999,0,999,Servpro of Flathead County,EXISTING,,,
219,Servpro of North Arlington,False,,False,Virginia ,cus_Oax7FQiaHGrx2C,1019,0,1019,Servpro of North Arlington,EXISTING,,,
20,Servpro of Reading,False,,False,Pennsylvania,,125,0,125,"WCS Reading SP LLC, DBA",EXISTING,,,
90,Servpro of South Bend NW & Indiana,False,,False,Indiana ,cus_Mywpuc1VlpJOmx,695,0,695,Servpro of South Bend (tom@waterwindfire.com),EXISTING,,,
77,Servpro of South Miami & Cutler Bay,False,,False,Florida,cus_MePcTaSJSfEd76,592,0,592,Servpro of South Miami & Cutler Bay,EXISTING,,,
38,Servpro of Upper Bucks,False,,False,Pennsylvania,cus_MDQKa6LCjrvH7H,565,0,565,ServPro of Upper Bucks,EXISTING,,,
138,Servpro of West Knoxville,False,,False,Tennessee,cus_NbW4M4SwN9od1X,,0,,,,,,
292,Servpro of West Palm Beach,,,False,",",cus_PUMnwrAK8LxAfM,1273,0,1273,Servpro of West Palm Beach,EXISTING,,,
207,Servpro of Western Lancaster County and East York,False,,False,"Western Lancaster County, PA",cus_ORYR0K5CdQfSPM,1067,0,1067,Servpro of Western Lancaster County and East York,EXISTING,,,
401,Sima Restoration,,,False,"San Leandro,CA",cus_QsAF2jx6K8qD5Q,,0,1382,Sima Restoration,100%,,,
144,Sky Blue Restoration,False,,False,"Fredericksburg, VA",cus_NjQkC24ur4e8A1,814,0,814,Sky Blue Restoration,EXISTING,,,
424,Southeast Restoration,,,False,"Canton,GA",cus_RLmhIgV9a9Hjiv,,0,1410,Southeast Restoration,100%,,,
200,Southern Construction,False,,False,"Rockwall, TX",cus_OMrAEHA5MN3kL0,992,0,992,Southern Construction,EXISTING,,,
393,Southern Homes and Restoration,False,,False,"Huntsville, Alabama",cus_Ql5HNl4yoxEJQ3,,3,1374,Southern Homes and Restoration,100%,,,
209,Southern Restoration & Construction,False,,True,"Matthews, NC",cus_OTXYWcMBujW8RY,1001,0,1001,N/A Independent Adj,EXISTING,,,
312,Spectrum Construction Services,,,False,"Renton,WA",cus_Ph9xvNCvcIQJj0,1292,13,1292,Spectrum Construction Services,EXISTING,,,
3,Steamatic LV,False,,False,"Las Vegas, NV",cus_MDQMbWc8rIoVvN,869,0,869,Steamatic LV,EXISTING,,,
43,Steamatic of North Indianapolis,False,,False,"Indianapolis, IN",cus_PmPa2nBNifG2WW,2,0,2,Steamatic of North Indianapolis,EXISTING,,,
298,Stephenson Restoration,,,False,"Salt Lake City, Utah",cus_PYDYISAYHP2U0c,1278,5,1278,Stephenson Restoration,EXISTING,,,
297,Sunnyside Construction,,,False,"Yuma,AZ",cus_PWKklP6ehPnkbs,1276,0,1276,Sunnyside Construction,EXISTING,,,
278,Swartz Restoration Inc,,,False,"Lima, OH",cus_PM9MjOHsEsKHwX,1232,0,1232,Swartz Restoration Inc,EXISTING,,,
96,TerraPro Group Limited,False,,False,Georgia,cus_N0pAVPj18QB627,685,0,685,TerraPro Group Limited,EXISTING,,,
423,Testing 456,,,False,"Spokane,WA",cus_RL0jcZUetOY2gf,,8,,,,,,
367,The Restoration Referee,,,False,"Westland, Michigan",cus_QNT6yWp5LMm6gp,1343,0,1343,The Restoration Referee,EXISTING,,,
44,Thompson Building,False,,False,"Columbus, OH",,169,0,169,Thompson Building,EXISTING,,,
22,Total Restoration,False,,False,Indiana,,,0,575,Coastal Restoration,89%,,,
62,"Tri County Restoration, Inc.",True,,False,Florida,,300,0,300,"Tri County Restoration, Inc.",EXISTING,,,
153,Ultracleanpro,False,,False,"Meridian, ID",cus_Np05jEqrgjNQw6,866,0,866,Ultracleanpro,EXISTING,,,
50,Unified Restoration Systems,False,,False,Ohio,cus_MDQM8lSHuZM2uy,271,0,271,Unified Restoration Systems,EXISTING,,,
386,Valet Construction,,,False,",",cus_QgydOuesZVD0Lk,,0,1370,Valet Construction,100%,,,
310,Valley Maintenance & Restoration,True,,False,Idaho,,1328,0,1328,Valley Maintenance & Restoration,EXISTING,,,
389,VetCor Of Sarasota,True,,False,Sarasota,,,2,,,,,,
387,VetCor Of Sarasota & Fort Myers,,"388,389",True,"Sarasota,FL",cus_QhQzFkihVxztIA,,2,1371,VetCor Of Sarasota & Fort Myers,100%,,,
212,VetCor of Central Texas,False,,False,"Austin, Texas",cus_OXaJO6bzVOzMjK,998,0,998,VetCor of Central Texas,EXISTING,,,
388,VetCor of Fort Myers,True,,False,Fort Myers,,,2,,,,,,
263,Vicari and Runner Restoration,False,,False,"Louisville, Kentucky",cus_P0qg2Uf4GpXs3i,1176,0,1176,Vicari and Runner Restoration,EXISTING,,,
363,Voiss Construction,,,False,"Issaquah, WA",cus_QMJub6ddOk4Czq,1340,3,1340,Voiss Construction,EXISTING,,,
180,Volpe Enterprises Inc.,False,,False,"North Wales, Pennsylvania",cus_O3IcaxVyc1knaF,933,0,933,Volpe Enterprises Inc.,EXISTING,,,
190,WHD Renovations,False,,False,", ",cus_ODPNQJHMlH0vk8,948,0,948,WHD Renovations,EXISTING,,,
264,WOW Total Cleaning & Restoration,False,,False,"Austin, TX",cus_P5OGyHbb1Y4fHG,1150,0,1150,WOW Total Cleaning & Restoration,EXISTING,,,
142,Warren Restoration,False,,False,"Fredericksburg, VA",cus_NevuswGYAh0gtV,854,0,854,Warren Restoration,EXISTING,,,
442,"Water Damage - Rainbow Restoration of Deerwood, FL",,,False,"Jacksonville, Florida",cus_SjVoK7sVvaYMAM,,13,,,,,,
51,Water Damage Rescue INC,False,,False,California,cus_MDQMQAmdwd7mQl,877,0,877,Water Damage Rescue INC,EXISTING,,,
299,Watermark Construction Group,,,False,"Pelham,Alabama",cus_PYTyJmm2JKaAb8,1279,0,1279,Watermark Construction Group,EXISTING,,,
152,WeScope,False,,False,"Boca Raton, FL",,,0,,,,,,
262,WrightWay Emergency Services,False,,False,"Nokomis, FL",cus_P0nHSw9N5E3KZk,1157,0,1157,WrightWay Emergency Services,EXISTING,,,
221,"Wyman Builders, Inc",True,,False,Florida,,,0,1244,"Apex Builders, Inc",81%,,,
223,Xperts Companies,False,"18,62,221",True,Florida,cus_MDQFvltkheNQX9,597,0,597,Xperts Companies,EXISTING,,,
305,Xpress Construction Solutions,,,False,"Boise ,Idaho ",cus_PeDRZV00kmF3Ue,391,0,391,Xpress Construction Solutions,EXISTING,,,
199,Zona Restoration,False,,False,"Tempe, Arizona",cus_OIgqpEkzuIEEKh,947,3,947,Zona Restoration,EXISTING,,,
419,iMold,,,False,"Fort Myers,FL",cus_RFa5E9yGLCO5hG,,2,1405,iMold,100%,,,
170,weDRY Restoration,False,,False,"Auburn Hills, MI",cus_NxEn5umSnWIOMf,848,0,848,weDRY Restoration,EXISTING,,,
